name,email,group
Brandon,brandon_callaro@hotmail.com,Dubai
Scarlet,scarlet.cartan@yahoo.com,Dubai
Oretha,oretha_menter@yahoo.com,Dubai
Ty,tsmith@aol.com,Dubai
Xuan,xuan@gmail.com,Dubai
Lindsey,lindsey.dilello@hotmail.com,Dubai
Devora,devora_perez@perez.org,Dubai
Herman,hdemesa@cox.net,Dubai
Rory,rpapasergi@cox.net,Dubai
Talia,talia_riopelle@aol.com,Dubai
Van,van.shire@shire.com,Dubai
Lucina,lucina_lary@cox.net,Dubai
Bok,bok.isaacs@aol.com,Dubai
Rolande,rolande.spickerman@spickerman.com,Dubai
Howard,hpaulas@gmail.com,Dubai
Kimbery,kimbery_madarang@cox.net,Dubai
Thurman,thurman.manno@yahoo.com,Dubai
Becky,becky.mirafuentes@mirafuentes.com,Dubai
Beatriz,beatriz@yahoo.com,Dubai
Marti,marti.maybury@yahoo.com,Dubai
Nieves,nieves_gotter@gmail.com,Australia
Leatha,lhagele@cox.net,Australia
Valentin,vklimek@klimek.org,Australia
Melissa,melissa@cox.net,Australia
Sheridan,sheridan.zane@zane.com,Australia
Bulah,bulah_padilla@hotmail.com,Australia
Audra,audra@kohnert.com,Australia
Daren,dweirather@aol.com,Australia
Fernanda,fjillson@aol.com,Australia
Gearldine,gearldine_gellinger@gellinger.com,Australia
Chau,chau@gmail.com,Australia
Theola,theola_frey@frey.com,Australia
Cheryl,cheryl@haroldson.org,Australia
Laticia,lmerced@gmail.com,Australia
Carissa,carissa.batman@yahoo.com,Australia
Lezlie,lezlie.craghead@craghead.org,Australia
Ozell,oshealy@hotmail.com,Australia
Arminda,arminda@parvis.com,Australia
Reita,reita.leto@gmail.com,Australia
Yolando,yolando@cox.net,Australia
Lizette,lizette.stem@aol.com,Australia
Gregoria,gpawlowicz@yahoo.com,Australia
Carin,cdeleo@deleo.com,Australia
Chantell,chantell@yahoo.com,Australia
Dierdre,dyum@yahoo.com,KKN
Larae,larae_gudroe@gmail.com,KKN
Latrice,latrice.tolfree@hotmail.com,KKN
Kerry,kerry.theodorov@gmail.com,KKN
Dorthy,dhidvegi@yahoo.com,KKN
Fannie,fannie.lungren@yahoo.com,KKN
Evangelina,evangelina@aol.com,KKN
Novella,novella_degroot@degroot.org,KKN
Clay,choa@hoa.org,KKN
Jennifer,jfallick@yahoo.com,KKN
Irma,irma.wolfgramm@hotmail.com,KKN
Eun,eun@yahoo.com,KKN
Sylvia,sylvia_cousey@cousey.org,KKN
Nana,nana@aol.com,KKN
Layla,layla.springe@cox.net,KKN
Joesph,joesph_degonia@degonia.org,KKN
Annabelle,annabelle.boord@cox.net,KKN
Stephaine,stephaine@cox.net,KKN
Nelida,nelida@gmail.com,KKN
Marguerita,marguerita.hiatt@gmail.com,KKN
Carmela,ccookey@cookey.org,KKN
Junita,jbrideau@aol.com,KKN
Claribel,claribel_varriano@cox.net,KKN
Benton,benton.skursky@aol.com,KKN
Hillary,hillary.skulski@aol.com,KKN
Merilyn,merilyn_bayless@cox.net,KKN
Teri,tennaco@gmail.com,KKN
Merlyn,merlyn_lawler@hotmail.com,KKN
