name,email,phone,address,group,group alisa,Office Num
Brandon,brandon_callaro@hotmail.com,808-215-6832,7 Benton Dr,Dubai,Imran Khan,1
Scarlet,scarlet.cartan@yahoo.com,229-735-3378,9390 S Howell Ave,Dubai,Imran Khan,1
Oretha,oretha_menter@yahoo.com,617-418-5043,8 County Center Dr #647,Dubai,Imran Khan,1
Ty,tsmith@aol.com,201-672-1553,4646 Kaahumanu St,Dubai,Imran Khan,1
Xuan,xuan@gmail.com,650-933-5072,2 Monroe St,Dubai,Imran Khan,1
Lindsey,lindsey.dilello@hotmail.com,909-639-9887,52777 Leaders Heights Rd,Dubai,Imran Khan,1
Devora,devora_perez@perez.org,510-955-3016,72868 Blackington Ave,Dubai,Imran Khan,1
Herman,hdemesa@cox.net,518-497-2940,9 Norristown Rd,Dubai,Imran Khan,1
Rory,rpapasergi@cox.net,570-867-7489,83 County Road 437 #8581,Dubai,Imran Khan,1
Talia,talia_riopelle@aol.com,973-245-2133,1 N Harlem Ave #9,Dubai,Imran Khan,2
Van,van.shire@shire.com,908-409-2890,90131 J St,Dubai,Imran Khan,2
Lucina,lucina_lary@cox.net,321-749-4981,8597 W National Ave,Dubai,Bhutto,2
Bok,bok.isaacs@aol.com,718-809-3762,6 Gilson St,Dubai,Bhutto,2
Rolande,rolande.spickerman@spickerman.com,808-315-3077,65 W Maple Ave,Dubai,Bhutto,2
Howard,hpaulas@gmail.com,303-623-4241,866 34th Ave,Dubai,Bhutto,2
Kimbery,kimbery_madarang@cox.net,973-310-1634,798 Lund Farm Way,Dubai,Bhutto,2
Thurman,thurman.manno@yahoo.com,609-524-3586,9387 Charcot Ave,Dubai,Bhutto,2
Becky,becky.mirafuentes@mirafuentes.com,908-877-8409,30553 Washington Rd,Dubai,Bhutto,2
Beatriz,beatriz@yahoo.com,508-584-4279,481 W Lemon St,Dubai,Bhutto,2
Marti,marti.maybury@yahoo.com,773-775-4522,4 Warehouse Point Rd #7,Dubai,Bhutto,2
Nieves,nieves_gotter@gmail.com,503-527-5274,4940 Pulaski Park Dr,Australia,Bhutto,2
Leatha,lhagele@cox.net,214-339-1809,627 Walford Ave,Australia,Bhutto,2
Valentin,vklimek@klimek.org,312-303-5453,137 Pioneer Way,Australia,SMQ,3
Melissa,melissa@cox.net,419-939-3613,61 13 Stoneridge #835,Australia,SMQ,3
Sheridan,sheridan.zane@zane.com,951-645-3605,2409 Alabama Rd,Australia,SMQ,3
Bulah,bulah_padilla@hotmail.com,254-463-4368,8927 Vandever Ave,Australia,SMQ,3
Audra,audra@kohnert.com,615-406-7854,134 Lewis Rd,Australia,SMQ,3
Daren,dweirather@aol.com,414-959-2540,9 N College Ave #3,Australia,SMQ,3
Fernanda,fjillson@aol.com,410-387-5260,60480 Old Us Highway 51,Australia,SMQ,3
Gearldine,gearldine_gellinger@gellinger.com,972-934-6914,4 Bloomfield Ave,Australia,SMQ,3
Chau,chau@gmail.com,310-560-8022,429 Tiger Ln,Australia,AMK,3
Theola,theola_frey@frey.com,516-948-5768,54169 N Main St,Australia,AMK,3
Cheryl,cheryl@haroldson.org,609-518-7697,92 Main St,Australia,AMK,3
Laticia,lmerced@gmail.com,513-508-7371,72 Mannix Dr,Australia,AMK,3
Carissa,carissa.batman@yahoo.com,541-326-4074,12270 Caton Center Dr,Australia,AMK,3
Lezlie,lezlie.craghead@craghead.org,919-533-3762,749 W 18th St #45,Australia,AMK,3
Ozell,oshealy@hotmail.com,212-332-8435,8 Industry Ln,Australia,AMK,3
Arminda,arminda@parvis.com,602-906-9419,1 Huntwood Ave,Australia,AMK,3
Reita,reita.leto@gmail.com,317-234-1135,55262 N French Rd,Australia,AMK,3
Yolando,yolando@cox.net,315-304-4759,422 E 21st St,Australia,AMK,3
Lizette,lizette.stem@aol.com,856-487-5412,501 N 19th Ave,Australia,AMK,3
Gregoria,gpawlowicz@yahoo.com,516-212-1915,455 N Main Ave,Australia,AMK,3
Carin,cdeleo@deleo.com,501-308-1040,1844 Southern Blvd,Australia,AMK,3
Chantell,chantell@yahoo.com,651-591-2583,2023 Greg St,Australia,AMK,3
Dierdre,dyum@yahoo.com,215-325-3042,63381 Jenks Ave,KKN,AMK,3
Larae,larae_gudroe@gmail.com,985-890-7262,6651 Municipal Rd,KKN,AMK,3
Latrice,latrice.tolfree@hotmail.com,631-957-7624,81 Norris Ave #525,KKN,AMK,3
Kerry,kerry.theodorov@gmail.com,916-591-3277,6916 W Main St,KKN,AMK,3
Dorthy,dhidvegi@yahoo.com,208-649-2373,9635 S Main St,KKN,AMK,3
Fannie,fannie.lungren@yahoo.com,512-587-5746,17 Us Highway 111,KKN,AMK,3
Evangelina,evangelina@aol.com,215-964-3284,992 Civic Center Dr,KKN,AMK,3
Novella,novella_degroot@degroot.org,808-477-4775,303 N Radcliffe St,KKN,AMK,3
Clay,choa@hoa.org,775-501-8109,73 Saint Ann St #86,KKN,AMK,3
Jennifer,jfallick@yahoo.com,847-979-9545,44 58th St,KKN,AMK,3
Irma,irma.wolfgramm@hotmail.com,973-545-7355,9745 W Main St,KKN,AMK,3
Eun,eun@yahoo.com,864-256-3620,84 Bloomfield Ave,KKN,AMK,3
Sylvia,sylvia_cousey@cousey.org,410-209-9545,287 Youngstown Warren Rd,KKN,KKN,3
Nana,nana@aol.com,914-855-2115,6 Van Buren St,KKN,KKN,3
Layla,layla.springe@cox.net,212-260-3151,229 N Forty Driv,KKN,KKN,3
Joesph,joesph_degonia@degonia.org,510-677-9785,2887 Knowlton St #5435,KKN,KKN,3
Annabelle,annabelle.boord@cox.net,978-697-6263,523 Marquette Ave,KKN,KKN,3
Stephaine,stephaine@cox.net,415-767-6596,3717 Hamann Industrial Pky,KKN,KKN,3
Nelida,nelida@gmail.com,201-971-1638,3 State Route 35 S,KKN,KKN,3
Marguerita,marguerita.hiatt@gmail.com,925-634-7158,82 N Highway 67,KKN,KKN,3
Carmela,ccookey@cookey.org,773-494-4195,9 Murfreesboro Rd,KKN,KKN,3
Junita,jbrideau@aol.com,973-943-3423,6 S Broadway St,KKN,KKN,3
Claribel,claribel_varriano@cox.net,419-544-4900,6 Harry L Dr #6327,KKN,KKN,3
Benton,benton.skursky@aol.com,310-579-2907,47939 Porter Ave,KKN,KKN,3
Hillary,hillary.skulski@aol.com,352-242-2570,9 Wales Rd Ne #914,KKN,KKN,3
Merilyn,merilyn_bayless@cox.net,408-758-5015,195 13n N,KKN,KKN,3
Teri,tennaco@gmail.com,570-889-5187,99 Tank Farm Rd,KKN,KKN,3
Merlyn,merlyn_lawler@hotmail.com,201-588-7810,4671 Alemany Blvd,KKN,KKN,3
